rentabilidad óptima,riesgo asociado,composicion de portafolio
0.14,0.2,"[0.0, 0.0, 0.0, 1.0]"
0.1396,0.1993510722318794,"[0.0, 0.0, 0.01, 0.99]"
0.13920000000000002,0.19870430292270977,"[0.0, 0.0, 0.02, 0.98]"
0.1388,0.19805971321800908,"[0.0, 0.0, 0.03, 0.97]"
0.13840000000000002,0.19741732446773763,"[0.0, 0.0, 0.04, 0.96]"
0.139,0.19677715822726988,"[0.01, 0.01, 0.0, 0.98]"
0.1386,0.1961392362583275,"[0.01, 0.01, 0.01, 0.97]"
0.1388,0.19550358052987166,"[0.0, 0.03, 0.0, 0.97]"
0.13840000000000002,0.19487021321895248,"[0.0, 0.03, 0.01, 0.96]"
0.13800000000000004,0.1942391567115138,"[0.0, 0.03, 0.02, 0.9500000000000001]"
0.1378,0.19361043360315064,"[0.03, 0.01, 0.0, 0.96]"
0.13740000000000002,0.19298406669981852,"[0.03, 0.01, 0.01, 0.9500000000000001]"
0.13780000000000003,0.19236007901849075,"[0.01, 0.04, 0.0, 0.9500000000000001]"
0.13740000000000002,0.19173849378776292,"[0.01, 0.04, 0.01, 0.9400000000000001]"
0.137,0.19111933444840162,"[0.01, 0.04, 0.02, 0.93]"
0.13680000000000003,0.19050262465383513,"[0.04, 0.02, 0.0, 0.9400000000000001]"
0.1366,0.18988838827058382,"[0.03, 0.03, 0.01, 0.93]"
0.1368,0.18927664937862781,"[0.02, 0.05, 0.0, 0.93]"
0.1358,0.18866743227170926,"[0.07, 0.0, 0.0, 0.93]"
0.13680000000000003,0.18806076145756723,"[0.0, 0.08, 0.0, 0.92]"
0.13640000000000002,0.18745666165810168,"[0.0, 0.08, 0.01, 0.91]"
0.13600000000000004,0.18685515780946485,"[0.0, 0.08, 0.02, 0.9]"
0.136,0.1862562750620768,"[0.02, 0.07, 0.0, 0.91]"
0.13560000000000003,0.1856600387805626,"[0.02, 0.07, 0.01, 0.9]"
0.13600000000000004,0.18506647454360825,"[0.0, 0.1, 0.0, 0.9]"
0.13560000000000003,0.18447560814373265,"[0.0, 0.1, 0.01, 0.89]"
0.13520000000000001,0.18388746558697253,"[0.0, 0.1, 0.02, 0.88]"
0.13520000000000001,0.1833020730924776,"[0.02, 0.09, 0.0, 0.89]"
0.13480000000000003,0.18271945709201307,"[0.02, 0.09, 0.01, 0.88]"
0.13440000000000002,0.18213964422936593,"[0.02, 0.09, 0.02, 0.87]"
0.1348,0.18156266135965293,"[0.0, 0.12, 0.01, 0.87]"
0.13440000000000002,0.18098853554852584,"[0.0, 0.12, 0.02, 0.86]"
0.13440000000000002,0.18041729407127247,"[0.02, 0.11, 0.0, 0.87]"
0.134,0.17984896441180864,"[0.02, 0.11, 0.01, 0.86]"
0.1336,0.1792835742615592,"[0.02, 0.11, 0.02, 0.85]"
0.134,0.1787211515182241,"[0.0, 0.14, 0.01, 0.85]"
0.1336,0.17816172428442648,"[0.0, 0.14, 0.02, 0.84]"
0.1336,0.1776053208662398,"[0.02, 0.13, 0.0, 0.85]"
0.133,0.17705196977158993,"[0.05, 0.1, 0.0, 0.85]"
0.13260000000000002,0.17650169970852972,"[0.05, 0.1, 0.01, 0.84]"
0.13320000000000004,0.17595453958338217,"[0.0, 0.16, 0.01, 0.8300000000000001]"
0.13280000000000003,0.1754105184987491,"[0.0, 0.16, 0.02, 0.8200000000000001]"
0.13240000000000002,0.1748696657513818,"[0.0, 0.16, 0.03, 0.81]"
0.13260000000000002,0.17433201082991043,"[0.01, 0.16, 0.01, 0.8200000000000001]"
0.1328,0.17379758341242837,"[0.0, 0.18, 0.0, 0.8200000000000001]"
0.13240000000000002,0.17326641336392926,"[0.02, 0.16, 0.0, 0.8200000000000001]"
0.132,0.17273853073359172,"[0.02, 0.16, 0.01, 0.81]"
0.1322,0.17221396575190995,"[0.01, 0.18, 0.0, 0.81]"
0.13180000000000003,0.171692748827666,"[0.03, 0.16, 0.0, 0.81]"
0.13160000000000002,0.17117491054474077,"[0.0, 0.19, 0.02, 0.79]"
0.1312,0.17066048165876013,"[0.0, 0.19, 0.03, 0.78]"
0.13140000000000002,0.17014949309357347,"[0.01, 0.19, 0.01, 0.79]"
0.13160000000000002,0.16964197593756095,"[0.0, 0.21, 0.0, 0.79]"
0.1312,0.1691379614397667,"[0.02, 0.19, 0.0, 0.79]"
0.13080000000000003,0.16863748100585468,"[0.02, 0.19, 0.01, 0.78]"
0.13040000000000002,0.16814056619388434,"[0.04, 0.17, 0.01, 0.78]"
0.1308,0.16764724870990277,"[0.0, 0.22, 0.01, 0.77]"
0.13040000000000002,0.1671575604033512,"[0.02, 0.2, 0.01, 0.77]"
0.1306,0.16667153326228207,"[0.01, 0.22, 0.0, 0.77]"
0.1302,0.16618919940838514,"[0.03, 0.2, 0.0, 0.77]"
0.12980000000000003,0.16571059109181888,"[0.03, 0.2, 0.01, 0.76]"
0.12960000000000002,0.16523574068584557,"[0.0, 0.23, 0.03, 0.74]"
0.12980000000000003,0.16476468068126737,"[0.01, 0.23, 0.01, 0.75]"
0.13,0.1642974436806611,"[0.0, 0.25, 0.0, 0.75]"
0.12960000000000002,0.16383406239240972,"[0.02, 0.23, 0.0, 0.75]"
0.12860000000000002,0.1633745696245288,"[0.05, 0.19, 0.02, 0.74]"
0.129,0.16291899827828554,"[0.03, 0.22, 0.01, 0.74]"
0.1292,0.16246738134160962,"[0.02, 0.24, 0.0, 0.74]"
0.12880000000000003,0.16201975188229367,"[0.04, 0.22, 0.0, 0.74]"
0.1286,0.1615761430409824,"[0.01, 0.25, 0.02, 0.72]"
0.12880000000000003,0.16113658802394942,"[0.02, 0.25, 0.0, 0.73]"
0.12840000000000001,0.16070112009566082,"[0.04, 0.23, 0.0, 0.73]"
0.12760000000000002,0.1602697725711246,"[0.02, 0.24, 0.04, 0.7000000000000001]"
0.12840000000000001,0.159842578808026,"[0.02, 0.26, 0.0, 0.72]"
0.12800000000000003,0.1594195721986482,"[0.0, 0.28, 0.02, 0.7000000000000001]"
0.12780000000000002,0.15900078616157845,"[0.01, 0.27, 0.02, 0.7000000000000001]"
0.128,0.15858625413320035,"[0.02, 0.27, 0.0, 0.71]"
0.1278,0.15817600955897199,"[0.03, 0.26, 0.0, 0.71]"
0.1274,0.15777008588449207,"[0.05, 0.24, 0.0, 0.71]"
0.12760000000000002,0.15736851654635373,"[0.0, 0.3, 0.01, 0.6900000000000001]"
0.1274,0.15697133496278867,"[0.03, 0.27, 0.0, 0.7000000000000001]"
0.12760000000000002,0.15657857452410276,"[0.0, 0.31, 0.0, 0.6900000000000001]"
0.12680000000000002,0.156190268582905,"[0.06, 0.24, 0.0, 0.7000000000000001]"
0.127,0.15580645044413277,"[0.01, 0.3, 0.01, 0.68]"
0.12720000000000004,0.15542715335487553,"[0.0, 0.32, 0.0, 0.68]"
0.12700000000000003,0.15505241049400037,"[0.01, 0.31, 0.0, 0.68]"
0.12680000000000002,0.15468225496158244,"[0.02, 0.3, 0.0, 0.68]"
0.12600000000000003,0.15431671976814437,"[0.06, 0.25, 0.01, 0.68]"
0.1262,0.1539558378237084,"[0.03, 0.29, 0.01, 0.67]"
0.12600000000000003,0.15359964192666598,"[0.06, 0.26, 0.0, 0.68]"
0.12560000000000002,0.15324816475246938,"[0.02, 0.3, 0.03, 0.65]"
0.126,0.15290143884215085,"[0.04, 0.29, 0.0, 0.67]"
0.1262,0.15255949659067441,"[0.01, 0.33, 0.0, 0.66]"
0.126,0.15222237023512675,"[0.02, 0.32, 0.0, 0.66]"
0.1252,0.1518900918427532,"[0.08, 0.25, 0.0, 0.67]"
0.12560000000000002,0.15156269329884578,"[0.04, 0.3, 0.0, 0.66]"
0.12560000000000002,0.15124020629449036,"[0.0, 0.35000000000000003, 0.01, 0.64]"
0.1254,0.15092266231417997,"[0.01, 0.34, 0.01, 0.64]"
0.12560000000000002,0.1506100926233033,"[0.0, 0.36, 0.0, 0.64]"
0.12480000000000001,0.15030252825551538,"[0.0, 0.35000000000000003, 0.03, 0.62]"
0.12480000000000002,0.15,"[0.02, 0.33, 0.02, 0.63]"
0.1396,0.19848304713501352,"[0.0, 0.01, 0.0, 0.99]"
0.13920000000000002,0.19783723107645843,"[0.0, 0.01, 0.01, 0.98]"
0.1388,0.19719361044415207,"[0.0, 0.01, 0.02, 0.97]"
0.13840000000000002,0.19655220680521499,"[0.0, 0.01, 0.03, 0.96]"
0.13800000000000004,0.1959130419344256,"[0.0, 0.01, 0.04, 0.9500000000000001]"
0.1386,0.1952761378151463,"[0.01, 0.02, 0.0, 0.97]"
0.13820000000000002,0.19464151664020707,"[0.01, 0.02, 0.01, 0.96]"
0.13840000000000002,0.19400920081274498,"[0.0, 0.04, 0.0, 0.96]"
0.13800000000000004,0.193379212946997,"[0.0, 0.04, 0.01, 0.9500000000000001]"
0.13760000000000003,0.19275157586904446,"[0.0, 0.04, 0.02, 0.9400000000000001]"
0.13760000000000003,0.19212631261750693,"[0.02, 0.03, 0.0, 0.9500000000000001]"
0.13720000000000002,0.19150344644418282,"[0.02, 0.03, 0.01, 0.9400000000000001]"
0.13740000000000002,0.19088300081463516,"[0.01, 0.05, 0.0, 0.9400000000000001]"
0.13720000000000002,0.1902649994087194,"[0.0, 0.06, 0.01, 0.93]"
0.13680000000000003,0.18964946612105188,"[0.0, 0.06, 0.02, 0.92]"
0.1366,0.18903642506141508,"[0.03, 0.04, 0.0, 0.93]"
0.13620000000000002,0.18842590055509886,"[0.03, 0.04, 0.01, 0.92]"
0.1358,0.18781791714317356,"[0.03, 0.04, 0.02, 0.91]"
0.13620000000000002,0.18721249958269348,"[0.01, 0.07, 0.01, 0.91]"
0.13640000000000002,0.18660967284682756,"[0.0, 0.09, 0.0, 0.91]"
0.13600000000000004,0.1860094621249145,"[0.0, 0.09, 0.01, 0.9]"
0.13560000000000003,0.18541189282244006,"[0.0, 0.09, 0.02, 0.89]"
0.13560000000000003,0.184816990560933,"[0.02, 0.08, 0.0, 0.9]"
0.13520000000000001,0.18422478117777752,"[0.02, 0.08, 0.01, 0.89]"
0.13560000000000003,0.18363529072593862,"[0.0, 0.11, 0.0, 0.89]"
0.13520000000000001,0.18304854547359836,"[0.0, 0.11, 0.01, 0.88]"
0.1348,0.1824645719036986,"[0.0, 0.11, 0.02, 0.87]"
0.13480000000000003,0.18188339671338888,"[0.02, 0.1, 0.0, 0.88]"
0.13440000000000002,0.18130504681337473,"[0.02, 0.1, 0.01, 0.87]"
0.1348,0.18072954932716456,"[0.0, 0.13, 0.0, 0.87]"
0.13440000000000002,0.1801569315902111,"[0.0, 0.13, 0.01, 0.86]"
0.134,0.1795872211489448,"[0.0, 0.13, 0.02, 0.85]"
0.134,0.1790204457596953,"[0.02, 0.12, 0.0, 0.86]"
0.1336,0.1784566333874984,"[0.02, 0.12, 0.01, 0.85]"
0.134,0.17789581220478465,"[0.0, 0.15, 0.0, 0.85]"
0.1336,0.17733801058994655,"[0.0, 0.15, 0.01, 0.84]"
0.13320000000000004,0.176783257125781,"[0.0, 0.15, 0.02, 0.8300000000000001]"
0.1328,0.1762315805978032,"[0.0, 0.15, 0.03, 0.8200000000000001]"
0.13260000000000002,0.17568300999242925,"[0.05, 0.11, 0.0, 0.84]"
0.13320000000000004,0.17513757449502376,"[0.0, 0.17, 0.0, 0.8300000000000001]"
0.13280000000000003,0.17459530348780863,"[0.0, 0.17, 0.01, 0.8200000000000001]"
0.13240000000000002,0.17405622654763028,"[0.0, 0.17, 0.02, 0.81]"
0.13260000000000002,0.17352037344358157,"[0.01, 0.17, 0.0, 0.8200000000000001]"
0.1322,0.1729877741344746,"[0.01, 0.17, 0.01, 0.81]"
0.13240000000000002,0.17245845876616203,"[0.0, 0.19, 0.0, 0.81]"
0.132,0.171932457668702,"[0.02, 0.17, 0.0, 0.81]"
0.13160000000000002,0.17140980135336487,"[0.02, 0.17, 0.01, 0.8]"
0.1312,0.1708905205094771,"[0.04, 0.15, 0.01, 0.8]"
0.13160000000000002,0.17037464600109958,"[0.0, 0.2, 0.01, 0.79]"
0.13120000000000004,0.1698622088635374,"[0.0, 0.2, 0.02, 0.78]"
0.13140000000000002,0.16935324029967658,"[0.01, 0.2, 0.0, 0.79]"
0.13100000000000003,0.1688477716761462,"[0.01, 0.2, 0.01, 0.78]"
0.1312,0.16834583451930138,"[0.0, 0.22, 0.0, 0.78]"
0.13080000000000003,0.1678474605110247,"[0.02, 0.2, 0.0, 0.78]"
0.13040000000000002,0.16735268148434312,"[0.04, 0.18, 0.0, 0.78]"
0.13,0.16686152941885676,"[0.04, 0.18, 0.01, 0.77]"
0.13040000000000002,0.1663740364359776,"[0.02, 0.21, 0.0, 0.77]"
0.13,0.16589023479397455,"[0.02, 0.21, 0.01, 0.76]"
0.1302,0.16541015688282265,"[0.01, 0.23, 0.0, 0.76]"
0.1298,0.16493383521885374,"[0.03, 0.21, 0.0, 0.76]"
0.12960000000000002,0.16446130243920604,"[0.0, 0.24, 0.02, 0.74]"
0.1298,0.16399259129607044,"[0.01, 0.24, 0.0, 0.75]"
0.12940000000000002,0.16352773465073134,"[0.03, 0.22, 0.0, 0.75]"
0.12960000000000002,0.1630667654673999,"[0.0, 0.26, 0.0, 0.74]"
0.12880000000000003,0.16260971680683786,"[0.02, 0.23, 0.02, 0.73]"
0.129,0.16215662181977028,"[0.03, 0.23, 0.0, 0.74]"
0.1292,0.1617075137400857,"[0.0, 0.27, 0.0, 0.73]"
0.1282,0.1612624258778219,"[0.07, 0.19, 0.0, 0.74]"
0.12860000000000002,0.160821391611937,"[0.03, 0.24, 0.0, 0.73]"
0.1288,0.160384444382864,"[0.0, 0.28, 0.0, 0.72]"
0.12780000000000002,0.1599516176848487,"[0.07, 0.2, 0.0, 0.73]"
0.1282,0.15952294505806994,"[0.03, 0.25, 0.0, 0.72]"
0.1248,0.14964130445836138,"[0.0, 0.36, 0.02, 0.62]"
0.1252,0.14934245879856137,"[0.0, 0.37, 0.0, 0.63]"
0.13920000000000002,0.19697228231403527,"[0.0, 0.02, 0.0, 0.98]"
0.1388,0.19632964625853122,"[0.0, 0.02, 0.01, 0.97]"
0.13840000000000002,0.1956892434448046,"[0.0, 0.02, 0.02, 0.96]"
0.13800000000000004,0.1950510958697746,"[0.0, 0.02, 0.03, 0.9500000000000001]"
0.13760000000000003,0.19441522574119552,"[0.0, 0.02, 0.04, 0.9400000000000001]"
0.138,0.1937816554785308,"[0.02, 0.02, 0.0, 0.96]"
0.13780000000000003,0.19315040771378145,"[0.01, 0.03, 0.01, 0.9500000000000001]"
0.13800000000000004,0.19252150529226603,"[0.0, 0.05, 0.0, 0.9500000000000001]"
0.13760000000000003,0.19189497127335048,"[0.0, 0.05, 0.01, 0.9400000000000001]"
0.13720000000000002,0.19127082893112585,"[0.0, 0.05, 0.02, 0.93]"
0.137,0.19064910175503058,"[0.03, 0.03, 0.0, 0.9400000000000001]"
0.1368,0.19002981345041625,"[0.02, 0.04, 0.01, 0.93]"
0.137,0.18941298793905342,"[0.01, 0.06, 0.0, 0.93]"
0.13680000000000003,0.18879864935957566,"[0.0, 0.07, 0.01, 0.92]"
0.13640000000000002,0.18818682206785894,"[0.0, 0.07, 0.02, 0.91]"
0.13620000000000002,0.18757753063733407,"[0.03, 0.05, 0.0, 0.92]"
0.1358,0.18697079985922938,"[0.03, 0.05, 0.01, 0.91]"
0.13620000000000002,0.18636665474274097,"[0.01, 0.08, 0.0, 0.91]"
0.13580000000000003,0.18576512051512795,"[0.01, 0.08, 0.01, 0.9]"
0.1298,0.16656809418373017,"[0.05, 0.17, 0.01, 0.77]"
0.13,0.16607913776269434,"[0.04, 0.19, 0.0, 0.77]"
0.13040000000000002,0.16559387065951445,"[0.0, 0.24, 0.0, 0.76]"
0.13,0.16511232540304194,"[0.02, 0.22, 0.0, 0.76]"
0.12960000000000002,0.1646345346517553,"[0.04, 0.2, 0.0, 0.76]"
0.1292,0.1641605311882244,"[0.06, 0.18, 0.0, 0.76]"
0.129,0.16369034791336964,"[0.03, 0.21, 0.02, 0.74]"
0.1292,0.1632240178405127,"[0.04, 0.21, 0.0, 0.75]"
0.12940000000000002,0.16276157408921801,"[0.01, 0.25, 0.0, 0.74]"
0.12840000000000001,0.1623030498789225,"[0.06, 0.19, 0.01, 0.74]"
0.12880000000000003,0.1618484785223513,"[0.02, 0.24, 0.01, 0.73]"
0.129,0.16139789341871846,"[0.01, 0.26, 0.0, 0.73]"
0.128,0.16095132804671108,"[0.06, 0.2, 0.01, 0.73]"
0.12840000000000001,0.16050881595725514,"[0.02, 0.25, 0.01, 0.72]"
0.1286,0.16007039076606266,"[0.01, 0.27, 0.0, 0.72]"
0.1282,0.15963608614595887,"[0.01, 0.27, 0.01, 0.71]"
0.12840000000000001,0.15920593581898887,"[0.0, 0.29, 0.0, 0.71]"
0.12760000000000002,0.15877997354830364,"[0.02, 0.26, 0.02, 0.7000000000000001]"
0.12780000000000002,0.158358233129825,"[0.01, 0.28, 0.01, 0.7000000000000001]"
0.128,0.15794074838368977,"[0.0, 0.3, 0.0, 0.7000000000000001]"
0.12780000000000002,0.15752755314547356,"[0.01, 0.29, 0.0, 0.7000000000000001]"
0.1274,0.15711868125719486,"[0.01, 0.29, 0.01, 0.6900000000000001]"
0.12720000000000004,0.1567141665581003,"[0.04, 0.26, 0.0, 0.7000000000000001]"
0.1274,0.15631404287523243,"[0.01, 0.3, 0.0, 0.6900000000000001]"
0.12660000000000002,0.1559183440137818,"[0.07, 0.23, 0.0, 0.7000000000000001]"
0.125,0.14898499924489042,"[0.01, 0.36, 0.0, 0.63]"
0.12480000000000002,0.14868987860644717,"[0.02, 0.35000000000000003, 0.0, 0.63]"
0.13640000000000002,0.18856333153611812,"[0.02, 0.05, 0.01, 0.92]"
0.13660000000000003,0.18795020617174113,"[0.01, 0.07, 0.0, 0.92]"
0.13580000000000003,0.18733961140132646,"[0.05, 0.03, 0.0, 0.92]"
0.13540000000000002,0.1867315720492922,"[0.05, 0.03, 0.01, 0.91]"
0.1358,0.18612611315986805,"[0.03, 0.06, 0.0, 0.91]"
0.13540000000000002,0.18552325999723054,"[0.03, 0.06, 0.01, 0.9]"
0.13580000000000003,0.184923038045561,"[0.01, 0.09, 0.0, 0.9]"
0.13540000000000002,0.18432547300902283,"[0.01, 0.09, 0.01, 0.89]"
0.1282,0.1588915667995001,"[0.01, 0.28, 0.0, 0.71]"
0.1274,0.15846412843290433,"[0.05, 0.23, 0.01, 0.71]"
0.12760000000000002,0.15804091242459972,"[0.02, 0.27, 0.01, 0.7000000000000001]"
0.12680000000000002,0.1555921913207729,"[0.0, 0.31, 0.02, 0.67]"
0.12660000000000002,0.15519948453522647,"[0.05, 0.26, 0.0, 0.6900000000000001]"
0.1262,0.1548112721994106,"[0.01, 0.3, 0.03, 0.66]"
0.12660000000000002,0.15442758820884306,"[0.03, 0.29, 0.0, 0.68]"
0.1254,0.15018881449695248,"[0.01, 0.35000000000000003, 0.0, 0.64]"
0.1252,0.1498670410730792,"[0.02, 0.34, 0.0, 0.64]"
0.12480000000000002,0.14923850039450276,"[0.04, 0.32, 0.0, 0.64]"
0.12460000000000002,0.14833367790222152,"[0.03, 0.34, 0.0, 0.63]"
0.1242,0.14804232502902673,"[0.01, 0.36, 0.02, 0.61]"
0.13640000000000002,0.18771606217902612,"[0.02, 0.06, 0.0, 0.92]"
0.136,0.1871041688471959,"[0.02, 0.06, 0.01, 0.91]"
0.13560000000000003,0.18649482566548595,"[0.02, 0.06, 0.02, 0.9]"
0.13540000000000002,0.18588805771216182,"[0.05, 0.04, 0.0, 0.91]"
0.13500000000000004,0.1852838902873102,"[0.05, 0.04, 0.01, 0.9]"
0.13540000000000002,0.18468234891293756,"[0.03, 0.07, 0.0, 0.9]"
0.135,0.18408345933298845,"[0.03, 0.07, 0.01, 0.89]"
0.13540000000000002,0.1834872475132809,"[0.01, 0.1, 0.0, 0.89]"
0.135,0.1828937396413557,"[0.01, 0.1, 0.01, 0.88]"
0.13520000000000001,0.18230296212623645,"[0.0, 0.12, 0.0, 0.88]"
0.13460000000000003,0.18171494159809756,"[0.03, 0.09, 0.0, 0.88]"
0.1342,0.1811297049078367,"[0.03, 0.09, 0.01, 0.87]"
0.1346,0.18054727912654903,"[0.01, 0.12, 0.0, 0.87]"
0.1342,0.17996769154489925,"[0.01, 0.12, 0.01, 0.86]"
0.13440000000000002,0.17939096967238902,"[0.0, 0.14, 0.0, 0.86]"
0.13080000000000003,0.1695326517223157,"[0.04, 0.16, 0.01, 0.79]"
0.131,0.16901588682724475,"[0.03, 0.18, 0.0, 0.79]"
0.1308,0.16850258158259773,"[0.0, 0.21, 0.02, 0.77]"
0.131,0.16799276770146981,"[0.01, 0.21, 0.0, 0.78]"
0.1306,0.16748647706606049,"[0.01, 0.21, 0.01, 0.77]"
0.1308,0.16698374172355823,"[0.0, 0.23, 0.0, 0.77]"
0.12700000000000003,0.15647785785854817,"[0.05, 0.25, 0.0, 0.7000000000000001]"
0.12720000000000004,0.15607040078118592,"[0.0, 0.31, 0.01, 0.68]"
0.1264,0.15409970798155329,"[0.04, 0.28, 0.0, 0.68]"
0.1264,0.15371912698164794,"[0.0, 0.33, 0.01, 0.66]"
0.12500000000000003,0.1505048836416945,"[0.01, 0.34, 0.02, 0.63]"
0.125,0.14952046682645156,"[0.03, 0.33, 0.0, 0.64]"
0.1246,0.14858102166831402,"[0.01, 0.36, 0.01, 0.62]"
0.12420000000000002,0.14768740636899275,"[0.05, 0.32, 0.0, 0.63]"
0.1244,0.14739986431472724,"[0.02, 0.36, 0.0, 0.62]"
0.1342,0.18088352606028005,"[0.01, 0.11, 0.02, 0.86]"
0.1342,0.18029975041580065,"[0.03, 0.1, 0.0, 0.87]"
0.1338,0.17971880814205285,"[0.03, 0.1, 0.01, 0.86]"
0.1342,0.1791407268043758,"[0.01, 0.13, 0.0, 0.86]"
0.1338,0.1785655341884318,"[0.01, 0.13, 0.01, 0.85]"
0.13080000000000003,0.16873899964145814,"[0.04, 0.17, 0.0, 0.79]"
0.12680000000000002,0.1549478944677855,"[0.0, 0.32, 0.01, 0.67]"
0.12660000000000002,0.15455225653480445,"[0.01, 0.31, 0.01, 0.67]"
0.1262,0.153392470480138,"[0.01, 0.32, 0.01, 0.66]"
0.1264,0.1530150319413096,"[0.0, 0.34, 0.0, 0.66]"
0.12460000000000002,0.14885697833826939,"[0.05, 0.31, 0.0, 0.64]"
0.12480000000000001,0.1482329248176666,"[0.0, 0.38, 0.0, 0.62]"
0.12440000000000001,0.14792853004069229,"[0.04, 0.33, 0.0, 0.63]"
0.124,0.14704625122729242,"[0.02, 0.36, 0.01, 0.61]"
0.1242,0.1467625633463793,"[0.01, 0.38, 0.0, 0.61]"
0.13760000000000003,0.19099403132035306,"[0.0, 0.06, 0.0, 0.9400000000000001]"
0.1338,0.17889304066955763,"[0.03, 0.11, 0.0, 0.86]"
0.1332,0.17831648830099814,"[0.06, 0.08, 0.0, 0.86]"
0.1338,0.17774284795737913,"[0.01, 0.14, 0.0, 0.85]"
0.13340000000000002,0.17717214792398947,"[0.01, 0.14, 0.01, 0.84]"
0.1336,0.17660441670581178,"[0.0, 0.16, 0.0, 0.84]"
0.1312,0.17003387897710268,"[0.02, 0.18, 0.01, 0.79]"
0.12660000000000002,0.1538400793031517,"[0.01, 0.32, 0.0, 0.67]"
0.12580000000000002,0.15268961981745843,"[0.03, 0.3, 0.01, 0.66]"
0.124,0.1475817400629224,"[0.04, 0.33, 0.01, 0.62]"
0.12400000000000001,0.14728109179388915,"[0.0, 0.38, 0.02, 0.6]"
0.12380000000000001,0.14641027969374282,"[0.05, 0.33, 0.0, 0.62]"
0.12360000000000002,0.14613048963169872,"[0.0, 0.39, 0.02, 0.59]"
0.13720000000000002,0.18951643728183581,"[0.0, 0.07, 0.0, 0.93]"
0.135,0.184580822405796,"[0.01, 0.08, 0.03, 0.88]"
0.1328,0.17749501401447873,"[0.04, 0.1, 0.02, 0.84]"
0.1332,0.17692294933105768,"[0.02, 0.13, 0.01, 0.84]"
0.13340000000000002,0.17635384883806762,"[0.01, 0.15, 0.0, 0.84]"
0.13300000000000003,0.17578774132458727,"[0.01, 0.15, 0.01, 0.8300000000000001]"
0.13060000000000002,0.16923867761241815,"[0.03, 0.17, 0.02, 0.78]"
0.12680000000000002,0.1576608067973775,"[0.04, 0.24, 0.03, 0.6900000000000001]"
0.12760000000000002,0.15722747851441238,"[0.02, 0.28, 0.0, 0.7000000000000001]"
0.1262,0.15313223044153704,"[0.03, 0.3, 0.0, 0.67]"
0.12560000000000002,0.15236692554488326,"[0.06, 0.27, 0.0, 0.67]"
0.12580000000000002,0.151991216851501,"[0.03, 0.31, 0.0, 0.66]"
0.12380000000000001,0.14693563216592495,"[0.01, 0.37, 0.02, 0.6]"
0.12400000000000001,0.1466387738628498,"[0.0, 0.39, 0.01, 0.6]"
0.12340000000000001,0.1457795596097066,"[0.01, 0.38, 0.02, 0.59]"
0.12380000000000002,0.1455037112928739,"[0.01, 0.39, 0.0, 0.6]"
0.135,0.18374474142135333,"[0.01, 0.09, 0.02, 0.88]"
0.1332,0.17610587724434412,"[0.02, 0.14, 0.0, 0.84]"
0.13280000000000003,0.17553840035730073,"[0.02, 0.14, 0.01, 0.8300000000000001]"
0.13300000000000003,0.17497394091692628,"[0.01, 0.16, 0.0, 0.8300000000000001]"
0.124,0.1462946683922555,"[0.02, 0.37, 0.0, 0.61]"
0.12400000000000001,0.14600164382636246,"[0.0, 0.4, 0.0, 0.6]"
0.12360000000000002,0.14515415943058607,"[0.02, 0.38, 0.0, 0.6]"
0.12360000000000002,0.1448822970552303,"[0.0, 0.41000000000000003, 0.0, 0.59]"
0.1322,0.1752916712225655,"[0.07, 0.09, 0.0, 0.84]"
0.13280000000000003,0.17472584239316175,"[0.02, 0.15, 0.0, 0.8300000000000001]"
0.13240000000000002,0.17416305578394062,"[0.02, 0.15, 0.01, 0.8200000000000001]"
0.12580000000000002,0.15211301719445317,"[0.01, 0.33, 0.01, 0.65]"
0.126,0.15172975977045505,"[0.0, 0.35000000000000003, 0.0, 0.65]"
0.12580000000000002,0.15135114799696764,"[0.01, 0.34, 0.0, 0.65]"
0.1246,0.14782817728701114,"[0.01, 0.37, 0.0, 0.62]"
0.12360000000000002,0.14565891665119576,"[0.04, 0.35000000000000003, 0.0, 0.61]"
0.1232,0.1453697698973208,"[0.02, 0.37, 0.02, 0.59]"
0.1228,0.144534148214185,"[0.06, 0.33, 0.01, 0.6]"
0.12280000000000002,0.144266316234941,"[0.02, 0.38, 0.02, 0.58]"
0.13180000000000003,0.17448037138887573,"[0.05, 0.11, 0.02, 0.8200000000000001]"
0.1322,0.1739162154602037,"[0.03, 0.14, 0.01, 0.8200000000000001]"
0.12680000000000002,0.15420392342609185,"[0.0, 0.33, 0.0, 0.67]"
0.12560000000000002,0.1510352607836991,"[0.02, 0.33, 0.0, 0.65]"
0.12440000000000001,0.14717132872947775,"[0.0, 0.39, 0.0, 0.61]"
0.1236,0.14653327267211363,"[0.02, 0.36, 0.02, 0.6]"
0.12320000000000002,0.1450284454857046,"[0.0, 0.4, 0.02, 0.58]"
0.12340000000000001,0.14474322091206898,"[0.03, 0.37, 0.0, 0.6]"
0.12260000000000001,0.14391959560810333,"[0.03, 0.37, 0.02, 0.58]"
0.12300000000000001,0.14365583872575455,"[0.03, 0.38, 0.0, 0.59]"
0.13180000000000003,0.17367201847160066,"[0.05, 0.12, 0.01, 0.8200000000000001]"
0.1322,0.17310956068340072,"[0.03, 0.15, 0.0, 0.8200000000000001]"
0.1254,0.15072216160870305,"[0.03, 0.32, 0.0, 0.65]"
0.1236,0.14588889608191571,"[0.02, 0.37, 0.01, 0.6]"
0.12340000000000001,0.1444033240614633,"[0.01, 0.4, 0.0, 0.59]"
0.12300000000000001,0.14412206631879795,"[0.05, 0.35000000000000003, 0.0, 0.6]"
0.12300000000000003,0.14331057183613496,"[0.01, 0.41000000000000003, 0.0, 0.58]"
0.1222,0.14305093498471094,"[0.07, 0.33, 0.01, 0.59]"
0.13340000000000002,0.17804867312058242,"[0.01, 0.13, 0.02, 0.84]"
0.13160000000000002,0.17286665381154342,"[0.0, 0.17, 0.04, 0.79]"
0.1266,0.15530656779415353,"[0.01, 0.3, 0.02, 0.67]"
0.1232,0.14378362215495893,"[0.0, 0.42, 0.0, 0.58]"
0.12260000000000001,0.14350637616496348,"[0.07, 0.33, 0.0, 0.6]"
0.12280000000000002,0.14270714768363918,"[0.0, 0.43, 0.0, 0.5700000000000001]"
0.12220000000000003,0.1424516760168163,"[0.01, 0.41000000000000003, 0.02, 0.56]"
0.132,0.17262641744530297,"[0.0, 0.18, 0.02, 0.8]"
0.13160000000000002,0.17206431936924052,"[0.0, 0.18, 0.03, 0.79]"
0.1232,0.1440212831494012,"[0.02, 0.39, 0.0, 0.59]"
0.12260000000000001,0.14316941014057438,"[0.03, 0.38, 0.01, 0.58]"
0.12280000000000002,0.14289622108369415,"[0.02, 0.4, 0.0, 0.58]"
0.12240000000000001,0.1421093944818568,"[0.04, 0.38, 0.0, 0.58]"
0.12240000000000001,0.14185813335864814,"[0.02, 0.41000000000000003, 0.0, 0.5700000000000001]"
0.132,0.17182540557205156,"[0.0, 0.19, 0.01, 0.8]"
0.128,0.1593084115795522,"[0.04, 0.24, 0.0, 0.72]"
0.12260000000000001,0.1425607589766553,"[0.03, 0.39, 0.0, 0.58]"
0.12260000000000001,0.14229167227916045,"[0.01, 0.42, 0.0, 0.5700000000000001]"
0.12160000000000001,0.14151738409114265,"[0.08, 0.33, 0.01, 0.58]"
0.12220000000000002,0.14127037906086326,"[0.01, 0.43, 0.0, 0.56]"
0.13180000000000003,0.17158918963617725,"[0.01, 0.18, 0.01, 0.8]"
0.132,0.17102748317156516,"[0.0, 0.2, 0.0, 0.8]"
0.12440000000000001,0.1491153915596911,"[0.0, 0.36, 0.03, 0.61]"
0.12240000000000001,0.1416928015108742,"[0.0, 0.44, 0.0, 0.56]"
0.12180000000000002,0.14093118888308576,"[0.03, 0.4, 0.01, 0.56]"
0.12180000000000002,0.14068848566958134,"[0.05, 0.38, 0.0, 0.5700000000000001]"
0.12760000000000002,0.15974094653532012,"[0.08, 0.19, 0.0, 0.73]"
0.12440000000000001,0.14843574367382004,"[0.0, 0.37, 0.02, 0.61]"
0.12200000000000003,0.14109968107688975,"[0.04, 0.39, 0.0, 0.5700000000000001]"
0.12180000000000002,0.14035088172149116,"[0.03, 0.41000000000000003, 0.0, 0.56]"
0.12180000000000002,0.1401125262066172,"[0.01, 0.44, 0.0, 0.55]"
0.132,0.17341317712330862,"[0.0, 0.17, 0.03, 0.8]"
0.12340000000000001,0.14526572204067964,"[0.05, 0.34, 0.0, 0.61]"
0.12200000000000003,0.14051238379587758,"[0.0, 0.45, 0.0, 0.55]"
0.12140000000000002,0.13977653594219597,"[0.01, 0.44, 0.01, 0.54]"
0.12160000000000001,0.13954257414853719,"[0.0, 0.46, 0.0, 0.54]"
0.12160000000000001,0.13993098298804307,"[0.04, 0.4, 0.0, 0.56]"
0.12140000000000001,0.1392082253316951,"[0.03, 0.42, 0.0, 0.55]"
0.12040000000000001,0.13897870340451446,"[0.06, 0.37, 0.03, 0.54]"
0.12120000000000002,0.13935555245486275,"[0.02, 0.43, 0.01, 0.54]"
0.12120000000000003,0.13887681591972073,"[0.04, 0.41000000000000003, 0.0, 0.55]"
0.12120000000000002,0.13864602410455196,"[0.02, 0.44, 0.0, 0.54]"
0.12100000000000002,0.13842098829296084,"[0.05, 0.4, 0.0, 0.55]"
0.12060000000000001,0.13831630417271856,"[0.01, 0.45, 0.02, 0.52]"
0.12100000000000002,0.13809000687957115,"[0.01, 0.46, 0.0, 0.53]"
0.12040000000000001,0.1378695035169127,"[0.1, 0.34, 0.0, 0.56]"
0.12580000000000002,0.15279911648959232,"[0.01, 0.32, 0.02, 0.65]"
0.12040000000000003,0.13798956482285174,"[0.04, 0.41000000000000003, 0.02, 0.53]"
0.12080000000000002,0.13776200492153126,"[0.04, 0.42, 0.0, 0.54]"
0.1208,0.13754024865471198,"[0.0, 0.48, 0.0, 0.52]"
0.12020000000000003,0.13732432413815115,"[0.07, 0.38, 0.01, 0.54]"
0.12060000000000003,0.13743700375080942,"[0.05, 0.41000000000000003, 0.0, 0.54]"
0.12060000000000001,0.13721399345547813,"[0.03, 0.44, 0.0, 0.53]"
0.12060000000000001,0.13699682478072256,"[0.01, 0.47000000000000003, 0.0, 0.52]"
0.12040000000000002,0.13678552555003765,"[0.04, 0.43, 0.0, 0.53]"
0.12160000000000001,0.13967293939772302,"[0.02, 0.43, 0.0, 0.55]"
0.12000000000000001,0.13689075936673006,"[0.02, 0.45, 0.02, 0.51]"
0.12020000000000003,0.1366723454104743,"[0.07, 0.39, 0.0, 0.54]"
0.11980000000000002,0.13645981093347592,"[0.11, 0.34, 0.0, 0.55]"
0.12000000000000002,0.13625318344904827,"[0.08, 0.38, 0.0, 0.54]"
0.12160000000000001,0.1402473529161959,"[0.0, 0.45, 0.01, 0.54]"
0.12140000000000002,0.13908457858439952,"[0.01, 0.45, 0.0, 0.54]"
0.12120000000000003,0.1385363490207534,"[0.0, 0.47000000000000003, 0.0, 0.53]"
0.12040000000000001,0.1365705678394873,"[0.02, 0.46, 0.0, 0.52]"
0.1202,0.1361371367408614,"[0.03, 0.45, 0.0, 0.52]"
0.12000000000000002,0.13592928308499239,"[0.06, 0.41000000000000003, 0.0, 0.53]"
0.12000000000000001,0.1357273738049919,"[0.04, 0.44, 0.0, 0.52]"
0.11940000000000002,0.13603253287357406,"[0.11, 0.34, 0.01, 0.54]"
0.12000000000000001,0.13560844368991187,"[0.02, 0.47000000000000003, 0.0, 0.51]"
0.11960000000000001,0.13540531747313322,"[0.04, 0.44, 0.01, 0.51]"
0.11980000000000002,0.13520817282989958,"[0.03, 0.46, 0.0, 0.51]"
0.12080000000000002,0.1387644406899693,"[0.06, 0.38, 0.01, 0.55]"
0.12100000000000002,0.13819974674361743,"[0.03, 0.43, 0.0, 0.54]"
0.12080000000000002,0.13765743714017054,"[0.02, 0.45, 0.0, 0.53]"
0.11980000000000002,0.13508634275899248,"[0.01, 0.49, 0.0, 0.5]"
0.11960000000000001,0.13488799056995399,"[0.06, 0.42, 0.0, 0.52]"
0.11960000000000001,0.1346956569455749,"[0.04, 0.45, 0.0, 0.51]"
0.12200000000000001,0.1419763360564006,"[0.08, 0.33, 0.0, 0.59]"
0.1194,0.1345709106753759,"[0.07, 0.41000000000000003, 0.0, 0.52]"
0.11920000000000001,0.13437737904870745,"[0.04, 0.45, 0.01, 0.5]"
0.1194,0.13418990274979709,"[0.05, 0.44, 0.0, 0.51]"
0.11920000000000001,0.134062224358691,"[0.08, 0.4, 0.0, 0.52]"
0.11920000000000001,0.13387355974948897,"[0.0, 0.52, 0.0, 0.48]"
0.11920000000000001,0.13369098698117235,"[0.04, 0.46, 0.0, 0.5]"
0.11880000000000002,0.1335603608860054,"[0.06, 0.43, 0.01, 0.5]"
0.11900000000000001,0.13337660964352036,"[0.07, 0.42, 0.0, 0.51]"
0.11900000000000002,0.13319898648263057,"[0.01, 0.51, 0.0, 0.48]"
0.12720000000000004,0.15685470984321767,"[0.0, 0.3, 0.02, 0.68]"
0.1254,0.15145841013294709,"[0.03, 0.31, 0.01, 0.65]"
0.12200000000000001,0.1408007457366615,"[0.02, 0.42, 0.0, 0.56]"
0.11880000000000002,0.1330653974555369,"[0.08, 0.41000000000000003, 0.0, 0.51]"
0.11880000000000002,0.13288660579606962,"[0.06, 0.44, 0.0, 0.5]"
0.11880000000000002,0.13271397816356797,"[0.04, 0.47000000000000003, 0.0, 0.49]"
0.11840000000000002,0.13257741134899262,"[0.0, 0.53, 0.01, 0.46]"
0.11860000000000001,0.1324036253280098,"[0.07, 0.43, 0.0, 0.5]"
0.11860000000000001,0.13223603896064037,"[0.05, 0.46, 0.0, 0.49]"
0.11840000000000002,0.13209647989253914,"[0.0, 0.54, 0.0, 0.46]"
0.1184,0.13192774537602014,"[0.06, 0.45, 0.0, 0.49]"
0.1184,0.13176524579721316,"[0.04, 0.48, 0.0, 0.48]"
0.11820000000000001,0.13162268041640848,"[0.09, 0.41000000000000003, 0.0, 0.5]"
0.11820000000000003,0.13145904305143863,"[0.01, 0.53, 0.0, 0.46]"
0.11820000000000001,0.13130167554147967,"[0.05, 0.47000000000000003, 0.0, 0.48]"
0.11800000000000002,0.13115609021315022,"[0.0, 0.55, 0.0, 0.45]"
0.11800000000000002,0.1309975953977782,"[0.08, 0.43, 0.0, 0.49]"
0.11800000000000002,0.13084540496326189,"[0.06, 0.46, 0.0, 0.48]"
0.11780000000000002,0.1306967864945424,"[0.09, 0.42, 0.0, 0.49]"
0.11760000000000001,0.13054347934692107,"[0.12, 0.38, 0.0, 0.5]"
0.11780000000000002,0.1303965106895119,"[0.07, 0.45, 0.0, 0.48]"
0.11760000000000001,0.13024484634717798,"[0.1, 0.41000000000000003, 0.0, 0.49]"
0.11760000000000001,0.13009677167401196,"[0.08, 0.44, 0.0, 0.48]"
0.11760000000000001,0.12995506915853647,"[0.06, 0.47000000000000003, 0.0, 0.47000000000000003]"
0.11740000000000002,0.1298003466867481,"[0.01, 0.55, 0.0, 0.44]"
0.1174,0.12965754895107343,"[0.09, 0.43, 0.0, 0.48]"
0.11740000000000002,0.12952115657297072,"[0.07, 0.46, 0.0, 0.47000000000000003]"
0.11680000000000001,0.12936336421104702,"[0.08, 0.44, 0.02, 0.46]"
0.11720000000000001,0.12922588749937064,"[0.1, 0.42, 0.0, 0.48]"
0.11720000000000003,0.1290948488515324,"[0.08, 0.45, 0.0, 0.47000000000000003]"
0.11720000000000001,0.12893397535172796,"[0.06, 0.48, 0.0, 0.46]"
0.1168,0.12880186334055885,"[0.0, 0.58, 0.0, 0.42]"
0.11700000000000002,0.128676221579591,"[0.09, 0.44, 0.0, 0.47000000000000003]"
0.11700000000000002,0.12851225622484413,"[0.07, 0.47000000000000003, 0.0, 0.46]"
0.11680000000000001,0.1283855521466493,"[0.02, 0.55, 0.0, 0.43]"
0.11680000000000001,0.12826534995859168,"[0.1, 0.43, 0.0, 0.47000000000000003]"
0.11680000000000001,0.1280982825802126,"[0.08, 0.46, 0.0, 0.46]"
0.1164,0.1279770291888353,"[0.0, 0.59, 0.0, 0.41000000000000003]"
0.11660000000000001,0.12786230875437843,"[0.11, 0.42, 0.0, 0.47000000000000003]"
0.12020000000000002,0.13635882809704697,"[0.05, 0.42, 0.0, 0.53]"
0.11660000000000001,0.12769212974964433,"[0.09, 0.45, 0.0, 0.46]"
0.11660000000000001,0.1275763692852246,"[0.07, 0.48, 0.0, 0.45]"
0.11640000000000002,0.12746717224446455,"[0.12, 0.41000000000000003, 0.0, 0.47000000000000003]"
0.11640000000000002,0.12729387259408834,"[0.1, 0.44, 0.0, 0.46]"
0.11640000000000003,0.12718364674752805,"[0.08, 0.47000000000000003, 0.0, 0.45]"
0.11620000000000001,0.12708001416430517,"[0.03, 0.55, 0.0, 0.42]"
0.11620000000000003,0.12690358544974212,"[0.11, 0.43, 0.0, 0.46]"
0.11620000000000003,0.1267989353267605,"[0.09, 0.46, 0.0, 0.45]"
0.11620000000000001,0.12662701133644433,"[0.07, 0.49, 0.0, 0.44]"
0.11600000000000002,0.12652134207318544,"[0.12, 0.42, 0.0, 0.46]"
0.11600000000000002,0.1263299251958933,"[0.1, 0.45, 0.0, 0.45]"
0.11580000000000001,0.12614721558560063,"[0.13, 0.41000000000000003, 0.0, 0.46]"
0.11580000000000001,0.12596713857193073,"[0.11, 0.44, 0.0, 0.45]"
0.11580000000000001,0.12578127841614584,"[0.09, 0.47000000000000003, 0.0, 0.44]"
0.11560000000000001,0.12561261879285854,"[0.04, 0.55, 0.0, 0.41000000000000003]"
0.11560000000000001,0.12551227031649137,"[0.12, 0.43, 0.0, 0.45]"
0.11560000000000001,0.1253416530926571,"[0.1, 0.46, 0.0, 0.44]"
0.11540000000000002,0.12515718117631125,"[0.13, 0.42, 0.0, 0.45]"
0.11540000000000002,0.12499807998525417,"[0.11, 0.45, 0.0, 0.44]"
0.1154,0.12489435535683749,"[0.09, 0.48, 0.0, 0.43]"
0.115,0.12473331551754728,"[0.03, 0.58, 0.0, 0.39]"
0.11520000000000001,0.12459935794377112,"[0.12, 0.44, 0.0, 0.44]"
0.11520000000000001,0.12447216556322943,"[0.1, 0.47000000000000003, 0.0, 0.43]"
0.11500000000000002,0.12433631810537096,"[0.05, 0.55, 0.0, 0.4]"
0.11500000000000002,0.12421465291985484,"[0.13, 0.43, 0.0, 0.44]"
0.11500000000000002,0.12407691163145543,"[0.11, 0.46, 0.0, 0.43]"
0.115,0.1239664470733916,"[0.09, 0.49, 0.0, 0.42]"
0.11480000000000001,0.12382116135782283,"[0.14, 0.42, 0.0, 0.44]"
0.11480000000000001,0.12370885174473166,"[0.12, 0.45, 0.0, 0.43]"
0.11480000000000001,0.12356908998612881,"[0.1, 0.48, 0.0, 0.42]"
0.1144,0.12345493104773092,"[0.04, 0.58, 0.0, 0.38]"
0.11460000000000001,0.12332072007574398,"[0.13, 0.44, 0.0, 0.43]"
0.11460000000000001,0.12320470770226273,"[0.11, 0.47000000000000003, 0.0, 0.42]"
0.11440000000000002,0.12308228954646562,"[0.06, 0.55, 0.0, 0.39]"
0.1144,0.12295820428096696,"[0.14, 0.43, 0.0, 0.43]"
0.11440000000000002,0.1228330981454103,"[0.08, 0.52, 0.0, 0.4]"
0.1144,0.12271544320092724,"[0.12, 0.46, 0.0, 0.42]"
0.11420000000000001,0.12258764211779262,"[0.15, 0.42, 0.0, 0.43]"
0.11420000000000002,0.12247644671527665,"[0.07, 0.54, 0.0, 0.39]"
0.11420000000000001,0.12234594394584562,"[0.13, 0.45, 0.0, 0.42]"
0.11420000000000001,0.12224123690473684,"[0.11, 0.48, 0.0, 0.41000000000000003]"
0.11380000000000001,0.12210802594424332,"[0.09, 0.51, 0.01, 0.39]"
0.11400000000000002,0.12195757459051076,"[0.14, 0.44, 0.0, 0.42]"
0.11400000000000002,0.121842521313374,"[0.12, 0.47000000000000003, 0.0, 0.41000000000000003]"
0.11380000000000001,0.12168286650141014,"[0.07, 0.55, 0.0, 0.38]"
0.11380000000000001,0.1215677588836777,"[0.15, 0.43, 0.0, 0.42]"
0.11380000000000001,0.12141717341463687,"[0.13, 0.46, 0.0, 0.41000000000000003]"
0.1136,0.1212836757358549,"[0.16, 0.42, 0.0, 0.42]"
0.1136,0.12116055463722504,"[0.08, 0.54, 0.0, 0.38]"
0.1136,0.12101784992305886,"[0.14, 0.45, 0.0, 0.41000000000000003]"
0.11340000000000001,0.12091306794552852,"[0.17, 0.41000000000000003, 0.0, 0.42]"
0.11320000000000001,0.120803973444585,"[0.1, 0.51, 0.01, 0.38]"
0.11340000000000001,0.12069652024809994,"[0.15, 0.44, 0.0, 0.41000000000000003]"
0.11340000000000001,0.12059402970296663,"[0.13, 0.47000000000000003, 0.0, 0.4]"
0.11320000000000002,0.12048389933928931,"[0.08, 0.55, 0.0, 0.37]"
0.11320000000000001,0.12034338369848173,"[0.16, 0.43, 0.0, 0.41000000000000003]"
0.11320000000000001,0.12023531095314721,"[0.1, 0.52, 0.0, 0.38]"
0.11320000000000002,0.1201019566868084,"[0.14, 0.46, 0.0, 0.4]"
0.11300000000000002,0.11998799939994,"[0.17, 0.42, 0.0, 0.41000000000000003]"
0.11280000000000001,0.11986980437124271,"[0.14, 0.46, 0.01, 0.39]"
0.11300000000000002,0.1197466074676022,"[0.15, 0.45, 0.0, 0.4]"
0.1126,0.11961124529073343,"[0.07, 0.58, 0.0, 0.35000000000000003]"
0.11280000000000001,0.11948041680543302,"[0.16, 0.44, 0.0, 0.4]"
0.1126,0.11936888204218049,"[0.19, 0.4, 0.0, 0.41000000000000003]"
0.11280000000000001,0.11926390904209036,"[0.14, 0.47000000000000003, 0.0, 0.39]"
0.11240000000000001,0.11914310722824044,"[0.2, 0.39, 0.0, 0.41000000000000003]"
0.1126,0.11904234540700212,"[0.17, 0.43, 0.0, 0.4]"
0.11260000000000002,0.11892674215667391,"[0.15, 0.46, 0.0, 0.39]"
0.11240000000000001,0.1187880465366781,"[0.18, 0.42, 0.0, 0.4]"
0.1124,0.1186802426691149,"[0.1, 0.54, 0.0, 0.36]"
0.11240000000000001,0.11857811771149009,"[0.16, 0.45, 0.0, 0.39]"
0.1124,0.11844948290305025,"[0.14, 0.48, 0.0, 0.38]"
0.11200000000000002,0.11833461032174822,"[0.08, 0.58, 0.0, 0.34]"
0.11220000000000002,0.11821285886061635,"[0.17, 0.44, 0.0, 0.39]"
0.11220000000000002,0.11805219184750447,"[0.15, 0.47000000000000003, 0.0, 0.38]"
0.11200000000000002,0.1178473589012499,"[0.18, 0.43, 0.0, 0.39]"
0.11200000000000002,0.11767208674957712,"[0.16, 0.46, 0.0, 0.38]"
0.11180000000000001,0.11752650764827482,"[0.19, 0.42, 0.0, 0.39]"
0.11180000000000001,0.11741073204779878,"[0.11, 0.54, 0.0, 0.35000000000000003]"
0.11180000000000001,0.11726892171415237,"[0.17, 0.45, 0.0, 0.38]"
0.1394,0.19836330305779848,"[0.01, 0.0, 0.0, 0.99]"
0.139,0.19771648894313293,"[0.01, 0.0, 0.01, 0.98]"
0.13780000000000003,0.19578927447641256,"[0.01, 0.0, 0.04, 0.9500000000000001]"
0.13820000000000002,0.19515135151978838,"[0.03, 0.0, 0.0, 0.97]"
0.138,0.1945157063067145,"[0.02, 0.01, 0.01, 0.96]"
0.13820000000000002,0.19388236124000555,"[0.01, 0.03, 0.0, 0.96]"
0.13720000000000002,0.19325133893455954,"[0.02, 0.01, 0.03, 0.9400000000000001]"
0.1368,0.1926226622181305,"[0.02, 0.01, 0.04, 0.93]"
0.13720000000000004,0.19199635413205118,"[0.04, 0.01, 0.0, 0.9500000000000001]"
0.13680000000000003,0.19137243793190284,"[0.04, 0.01, 0.01, 0.9400000000000001]"
0.13720000000000002,0.1907509370881307,"[0.02, 0.04, 0.0, 0.9400000000000001]"
0.13620000000000002,0.19013187528660208,"[0.03, 0.02, 0.03, 0.92]"
0.13620000000000002,0.1889011646337841,"[0.05, 0.02, 0.0, 0.93]"
0.13600000000000004,0.18828956423551468,"[0.04, 0.03, 0.01, 0.92]"
0.12700000000000003,0.15570069364007344,"[0.03, 0.28, 0.0, 0.6900000000000001]"
0.13460000000000003,0.18260510945753955,"[0.03, 0.08, 0.01, 0.88]"
0.135,0.18200641746927498,"[0.01, 0.11, 0.0, 0.88]"
0.1346,0.18141043520150657,"[0.01, 0.11, 0.01, 0.87]"
0.1306,0.16824337134044837,"[0.01, 0.2, 0.02, 0.77]"
0.13540000000000002,0.1851797181118926,"[0.01, 0.08, 0.02, 0.89]"
0.13180000000000003,0.17234630834456538,"[0.01, 0.17, 0.02, 0.8]"
0.12500000000000003,0.14975692304531368,"[0.01, 0.35000000000000003, 0.01, 0.63]"
0.131,0.17129165770696483,"[0.01, 0.17, 0.04, 0.78]"
0.13160000000000002,0.17048852747325846,"[0.02, 0.18, 0.0, 0.8]"
0.12300000000000003,0.14463665510512888,"[0.01, 0.39, 0.02, 0.58]"
0.1264,0.15349308779225207,"[0.02, 0.31, 0.0, 0.67]"
0.13180000000000003,0.17078004567278934,"[0.01, 0.19, 0.0, 0.8]"
0.1252,0.15113832075287856,"[0.04, 0.3, 0.01, 0.65]"
0.12220000000000002,0.1413945472781748,"[0.03, 0.4, 0.0, 0.5700000000000001]"
0.11200000000000002,0.11794840397394109,"[0.1, 0.55, 0.0, 0.35000000000000003]"
0.1116,0.1170315513013478,"[0.18, 0.44, 0.0, 0.38]"
0.1114,0.11716259642053006,"[0.09, 0.58, 0.0, 0.33]"
0.1116,0.11684725071648029,"[0.16, 0.47000000000000003, 0.0, 0.37]"
0.11140000000000003,0.11669282754308424,"[0.11, 0.55, 0.0, 0.34]"
0.11140000000000001,0.1165684005208959,"[0.13, 0.52, 0.0, 0.35000000000000003]"
0.11140000000000001,0.1164098964865101,"[0.17, 0.46, 0.0, 0.37]"
0.13660000000000003,0.19038960055633292,"[0.05, 0.01, 0.0, 0.9400000000000001]"
0.13620000000000002,0.18976820070812708,"[0.05, 0.01, 0.01, 0.93]"
0.13600000000000004,0.18914925323669665,"[0.04, 0.02, 0.02, 0.92]"
0.13040000000000002,0.17026934545008388,"[0.08, 0.11, 0.01, 0.8]"
0.131,0.16974958026457682,"[0.03, 0.17, 0.01, 0.79]"
0.1252,0.1504046874269549,"[0.04, 0.31, 0.0, 0.65]"
0.135,0.18318852038269212,"[0.03, 0.08, 0.0, 0.89]"
0.1278,0.15910123192483458,"[0.05, 0.23, 0.0, 0.72]"
0.1202,0.13710518589754364,"[0.09, 0.36, 0.0, 0.55]"
0.11120000000000002,0.1162298412629046,"[0.12, 0.54, 0.0, 0.34]"
0.11120000000000002,0.11603640807953339,"[0.18, 0.45, 0.0, 0.37]"
0.11080000000000001,0.11587303396390379,"[0.18, 0.45, 0.01, 0.36]"
0.11100000000000002,0.11573984620691356,"[0.19, 0.44, 0.0, 0.37]"
0.11100000000000002,0.11563694911229716,"[0.17, 0.47000000000000003, 0.0, 0.36]"
0.11080000000000001,0.11552232684637198,"[0.12, 0.55, 0.0, 0.33]"
0.11080000000000001,0.11541635932570389,"[0.2, 0.43, 0.0, 0.37]"
0.11080000000000001,0.11523985421719346,"[0.18, 0.46, 0.0, 0.36]"
0.11060000000000002,0.11506742371322998,"[0.13, 0.54, 0.0, 0.33]"
0.1106,0.11492536708664455,"[0.19, 0.45, 0.0, 0.36]"
0.1106,0.1148137970803161,"[0.17, 0.48, 0.0, 0.35000000000000003]"
0.11020000000000002,0.11468244852635473,"[0.23, 0.4, 0.0, 0.37]"
0.13760000000000003,0.1934941859591652,"[0.04, 0.0, 0.0, 0.96]"
0.13720000000000004,0.19285406399658786,"[0.04, 0.0, 0.01, 0.9500000000000001]"
0.11960000000000003,0.13582766286732612,"[0.08, 0.38, 0.01, 0.53]"
0.11040000000000003,0.11445788745211051,"[0.18, 0.47000000000000003, 0.0, 0.35000000000000003]"
0.1102,0.11427629675483887,"[0.21, 0.43, 0.0, 0.36]"
0.11040000000000001,0.11456435745902825,"[0.14, 0.53, 0.0, 0.33]"
0.11020000000000002,0.11412526451228931,"[0.19, 0.46, 0.0, 0.35000000000000003]"
0.11020000000000002,0.1140049121748708,"[0.17, 0.49, 0.0, 0.34]"
0.11000000000000001,0.11385661157789653,"[0.14, 0.54, 0.0, 0.32]"
0.11000000000000001,0.1136908087753799,"[0.2, 0.45, 0.0, 0.35000000000000003]"
0.10980000000000001,0.113499955947128,"[0.21, 0.44, 0.0, 0.35000000000000003]"
0.10980000000000001,0.11333984295030589,"[0.19, 0.47000000000000003, 0.0, 0.34]"
0.1096,0.11321060021040433,"[0.22, 0.43, 0.0, 0.35000000000000003]"
0.10960000000000002,0.11304512373384357,"[0.16, 0.52, 0.0, 0.32]"
0.10960000000000002,0.11293892154611714,"[0.2, 0.46, 0.0, 0.34]"
0.1094,0.11273870675149684,"[0.15, 0.54, 0.0, 0.31]"
0.10940000000000003,0.11256940969908298,"[0.21, 0.45, 0.0, 0.34]"
0.10900000000000001,0.11243117005528316,"[0.21, 0.45, 0.01, 0.33]"
0.10920000000000002,0.11232410248918084,"[0.22, 0.44, 0.0, 0.34]"
0.1092,0.11220381455191263,"[0.2, 0.47000000000000003, 0.0, 0.33]"
0.1194,0.13550560136023898,"[0.09, 0.37, 0.01, 0.53]"
0.10900000000000001,0.11199285691507294,"[0.23, 0.43, 0.0, 0.34]"
0.10900000000000001,0.11210374659216346,"[0.15, 0.55, 0.0, 0.3]"
0.10900000000000001,0.11181427458066344,"[0.21, 0.46, 0.0, 0.33]"
0.10880000000000001,0.11166693333301492,"[0.16, 0.54, 0.0, 0.3]"
0.10880000000000001,0.11155095696586381,"[0.22, 0.45, 0.0, 0.33]"
0.10880000000000001,0.11141346417736053,"[0.2, 0.48, 0.0, 0.32]"
0.1086,0.1112627161271915,"[0.23, 0.44, 0.0, 0.33]"
0.10860000000000002,0.11107474960583975,"[0.21, 0.47000000000000003, 0.0, 0.32]"
0.10840000000000001,0.11091820409653232,"[0.24, 0.43, 0.0, 0.33]"
0.10840000000000001,0.11079321278850975,"[0.22, 0.46, 0.0, 0.32]"
0.1084,0.11063829355155474,"[0.2, 0.49, 0.0, 0.31]"
0.10820000000000002,0.1103511486120557,"[0.19, 0.51, 0.0, 0.3]"
0.10820000000000002,0.11047504695631498,"[0.23, 0.45, 0.0, 0.32]"
0.10800000000000001,0.1101852984748873,"[0.24, 0.44, 0.0, 0.32]"
0.10760000000000002,0.1100511880899066,"[0.28, 0.39, 0.0, 0.33]"
0.10800000000000001,0.10994893360101315,"[0.22, 0.47000000000000003, 0.0, 0.31]"
0.1078,0.10984032046566508,"[0.25, 0.43, 0.0, 0.32]"
0.1078,0.10964378687367561,"[0.23, 0.46, 0.0, 0.31]"
0.1076,0.10946853429182286,"[0.18, 0.54, 0.0, 0.28]"
0.1076,0.10932520294973158,"[0.24, 0.45, 0.0, 0.31]"
0.1076,0.1092139185268984,"[0.22, 0.48, 0.0, 0.3]"
0.10740000000000002,0.10908785450268971,"[0.19, 0.53, 0.0, 0.28]"
0.10740000000000002,0.10895298068433007,"[0.23, 0.47000000000000003, 0.0, 0.3]"
0.10720000000000002,0.10876823065583074,"[0.26, 0.43, 0.0, 0.31]"
0.10720000000000002,0.10861557899307078,"[0.24, 0.46, 0.0, 0.3]"
0.10700000000000001,0.10849516118242325,"[0.19, 0.54, 0.0, 0.27]"
0.10700000000000001,0.10835142823239571,"[0.25, 0.45, 0.0, 0.3]"
0.1068,0.10808470752146207,"[0.26, 0.44, 0.0, 0.3]"
0.10700000000000001,0.10820219036599951,"[0.23, 0.48, 0.0, 0.29]"
0.1068,0.10792263895958067,"[0.24, 0.47000000000000003, 0.0, 0.29]"
0.1066,0.10779298678485534,"[0.27, 0.43, 0.0, 0.3]"
0.1066,0.10763137089157603,"[0.25, 0.46, 0.0, 0.29]"
0.10640000000000001,0.10741828522183734,"[0.2, 0.54, 0.0, 0.26]"
0.10640000000000002,0.10724670624312897,"[0.26, 0.45, 0.0, 0.29]"
0.10620000000000002,0.10710772147702517,"[0.27, 0.44, 0.0, 0.29]"
0.1062,0.10700145793399266,"[0.21, 0.53, 0.0, 0.26]"
0.10620000000000002,0.10688745482983492,"[0.25, 0.47000000000000003, 0.0, 0.28]"
0.1066,0.10752890774112793,"[0.23, 0.49, 0.0, 0.28]"
0.10580000000000002,0.1067692839724984,"[0.19, 0.5700000000000001, 0.0, 0.24]"
0.10600000000000001,0.10658810440194534,"[0.26, 0.46, 0.0, 0.28]"
0.1058,0.10643969184472492,"[0.21, 0.54, 0.0, 0.25]"
0.1058,0.10632418351438208,"[0.27, 0.45, 0.0, 0.28]"
0.1058,0.10619227843868874,"[0.25, 0.48, 0.0, 0.27]"
0.10940000000000001,0.11283886741721577,"[0.23, 0.42, 0.0, 0.35000000000000003]"
0.10560000000000003,0.1059471566395248,"[0.26, 0.47000000000000003, 0.0, 0.27]"
0.10520000000000002,0.10578922440400063,"[0.26, 0.47000000000000003, 0.01, 0.26]"
0.10560000000000003,0.10607242808571886,"[0.28, 0.44, 0.0, 0.28]"
0.10540000000000002,0.10566437431793177,"[0.27, 0.46, 0.0, 0.27]"
0.10520000000000002,0.10551435921238397,"[0.22, 0.54, 0.0, 0.24]"
0.10520000000000002,0.10532418525675859,"[0.28, 0.45, 0.0, 0.27]"
0.10500000000000001,0.10515664505869328,"[0.29, 0.44, 0.0, 0.27]"
0.10500000000000001,0.10502235952405563,"[0.27, 0.47000000000000003, 0.0, 0.26]"
0.1048,0.10492145633758616,"[0.3, 0.43, 0.0, 0.27]"
0.10460000000000001,0.10482015073448424,"[0.27, 0.47000000000000003, 0.01, 0.25]"
0.10480000000000002,0.10471951107601678,"[0.28, 0.46, 0.0, 0.26]"
0.10460000000000001,0.10454227852883255,"[0.29, 0.45, 0.0, 0.26]"
0.10460000000000001,0.10439846742170118,"[0.25, 0.51, 0.0, 0.24]"
0.1044,0.10428821601695945,"[0.3, 0.44, 0.0, 0.26]"
0.1044,0.1041687861117715,"[0.24, 0.53, 0.0, 0.23]"
0.10400000000000002,0.10394644775075289,"[0.28, 0.47000000000000003, 0.01, 0.24]"
0.10440000000000002,0.10406740123592981,"[0.28, 0.47000000000000003, 0.0, 0.25]"
0.10420000000000001,0.10379302481380914,"[0.29, 0.46, 0.0, 0.25]"
0.10400000000000001,0.10367333311898486,"[0.24, 0.54, 0.0, 0.22]"
0.10400000000000001,0.10356632657384349,"[0.3, 0.45, 0.0, 0.25]"
0.10400000000000001,0.10336947325008482,"[0.28, 0.48, 0.0, 0.24]"
0.10380000000000002,0.10320635639339275,"[0.29, 0.47000000000000003, 0.0, 0.24]"
0.10340000000000002,0.10307713616510696,"[0.29, 0.47000000000000003, 0.01, 0.23]"
0.10360000000000001,0.10294278022280143,"[0.3, 0.46, 0.0, 0.24]"
0.10340000000000002,0.102811672489071,"[0.25, 0.54, 0.0, 0.21]"
0.1034,0.10263878409256416,"[0.31, 0.45, 0.0, 0.24]"
0.10320000000000001,0.10249995121950059,"[0.32, 0.44, 0.0, 0.24]"
0.10320000000000001,0.10232028146951119,"[0.3, 0.47000000000000003, 0.0, 0.23]"
0.10300000000000001,0.10209062640614955,"[0.31, 0.46, 0.0, 0.23]"
0.10280000000000002,0.1019421012143658,"[0.32, 0.45, 0.0, 0.23]"
0.10280000000000002,0.10182793329926715,"[0.3, 0.48, 0.0, 0.22]"
0.10260000000000001,0.10170309729796827,"[0.33, 0.44, 0.0, 0.23]"
0.10280000000000002,0.10220670232426052,"[0.34, 0.42, 0.0, 0.24]"
0.10260000000000001,0.10156219769185777,"[0.31, 0.47000000000000003, 0.0, 0.22]"
0.10220000000000001,0.10140390525024172,"[0.35000000000000003, 0.42, 0.0, 0.23]"
0.10240000000000002,0.10128012638222764,"[0.32, 0.46, 0.0, 0.22]"
0.10220000000000001,0.101136580919072,"[0.33, 0.45, 0.0, 0.22]"
0.10200000000000002,0.10088567787352178,"[0.34, 0.44, 0.0, 0.22]"
0.10200000000000001,0.10075221089385583,"[0.32, 0.47000000000000003, 0.0, 0.21]"
0.10220000000000001,0.10102586797449453,"[0.31, 0.48, 0.0, 0.21]"
0.10160000000000002,0.10058978079308056,"[0.32, 0.47000000000000003, 0.01, 0.2]"
0.10160000000000002,0.10038772833369625,"[0.34, 0.45, 0.0, 0.21]"
0.10160000000000001,0.10024450109607011,"[0.3, 0.51, 0.0, 0.19]"
0.10140000000000002,0.10013622721073527,"[0.35000000000000003, 0.44, 0.0, 0.21]"
0.10140000000000002,0.10002495688576926,"[0.33, 0.47000000000000003, 0.0, 0.2]"
0.1014,0.09991035982319352,"[0.31, 0.5, 0.0, 0.19]"
0.10120000000000001,0.0997573054968908,"[0.34, 0.46, 0.0, 0.2]"
0.101,0.0996393496566492,"[0.35000000000000003, 0.45, 0.0, 0.2]"
0.101,0.09950919555498378,"[0.33, 0.48, 0.0, 0.19]"
0.1018,0.10048961140336846,"[0.33, 0.46, 0.0, 0.21]"
0.10080000000000001,0.09929092607081476,"[0.34, 0.47000000000000003, 0.0, 0.19]"
0.1004,0.09916321898768715,"[0.32, 0.5, 0.01, 0.17]"
0.10080000000000001,0.0993995171014427,"[0.3, 0.53, 0.0, 0.17]"
0.10060000000000001,0.09901401920940286,"[0.35000000000000003, 0.46, 0.0, 0.19]"
0.1004,0.09884565746657765,"[0.36, 0.45, 0.0, 0.19]"
0.10020000000000001,0.09870813542965949,"[0.31, 0.53, 0.0, 0.16]"
0.10020000000000001,0.09860612557037214,"[0.35000000000000003, 0.47000000000000003, 0.0, 0.18]"
0.1,0.09842178620610377,"[0.36, 0.46, 0.0, 0.18]"
0.1,0.09827439137435551,"[0.34, 0.49, 0.0, 0.17]"
0.09980000000000001,0.09816264055128102,"[0.35000000000000003, 0.48, 0.0, 0.17]"
0.09960000000000001,0.09804651957106891,"[0.32, 0.53, 0.0, 0.15]"
0.09940000000000002,0.09779980572577841,"[0.33, 0.52, 0.0, 0.15]"
0.09940000000000002,0.09760540968614392,"[0.35000000000000003, 0.49, 0.0, 0.16]"
0.09960000000000001,0.09793618330321024,"[0.36, 0.47000000000000003, 0.0, 0.17]"
0.09900000000000002,0.09738937313690851,"[0.35000000000000003, 0.5, 0.0, 0.15]"
0.09880000000000001,0.09718600722326234,"[0.38, 0.46, 0.0, 0.16]"
0.09920000000000001,0.09749436906816722,"[0.36, 0.48, 0.0, 0.16]"
0.09860000000000001,0.09700095875814836,"[0.39, 0.45, 0.0, 0.16]"
0.09840000000000002,0.09678859436937805,"[0.38, 0.47000000000000003, 0.0, 0.15]"
0.09820000000000001,0.09663482809008354,"[0.39, 0.46, 0.0, 0.15]"
0.098,0.09641344304608149,"[0.38, 0.48, 0.0, 0.14]"
0.09820000000000001,0.09653322744008921,"[0.37, 0.49, 0.0, 0.14]"
0.09780000000000003,0.09629123532284753,"[0.35000000000000003, 0.53, 0.0, 0.12]"
0.09760000000000002,0.09606081407108727,"[0.4, 0.46, 0.0, 0.14]"
0.09780000000000001,0.0961844997907667,"[0.39, 0.47000000000000003, 0.0, 0.14]"
0.09860000000000002,0.09690027863737029,"[0.35000000000000003, 0.51, 0.0, 0.14]"
0.09720000000000001,0.09573095633075018,"[0.4, 0.47000000000000003, 0.0, 0.13]"
0.09740000000000001,0.0958890296123597,"[0.39, 0.48, 0.0, 0.13]"
0.0968,0.09542410596908937,"[0.4, 0.48, 0.0, 0.12]"
0.097,0.0955814312510542,"[0.41000000000000003, 0.46, 0.0, 0.13]"
0.09660000000000002,0.09531841375096418,"[0.41000000000000003, 0.47000000000000003, 0.0, 0.12]"
0.09640000000000001,0.09514048559892892,"[0.42, 0.46, 0.0, 0.12]"
0.09620000000000001,0.09501528298121308,"[0.41000000000000003, 0.48, 0.0, 0.11]"
0.096,0.0948803035408298,"[0.42, 0.47000000000000003, 0.0, 0.11]"
0.09580000000000001,0.09473550548764702,"[0.41000000000000003, 0.49, 0.0, 0.1]"
0.0956,0.0945429426239738,"[0.4, 0.51, 0.0, 0.09]"
0.09540000000000001,0.0944310118552163,"[0.41000000000000003, 0.5, 0.0, 0.09]"
0.09460000000000002,0.09432030534301722,"[0.39, 0.55, 0.0, 0.06]"
0.09500000000000001,0.09421065757121112,"[0.41000000000000003, 0.51, 0.0, 0.08]"
0.09460000000000002,0.09403829007377792,"[0.45, 0.46, 0.0, 0.09]"
0.09440000000000001,0.09385384382112434,"[0.42, 0.51, 0.0, 0.07]"
0.094,0.09369362838528562,"[0.44, 0.49, 0.0, 0.07]"
0.09800000000000002,0.09728828295329299,"[0.44, 0.39, 0.0, 0.17]"
0.09360000000000002,0.09355776825042376,"[0.46, 0.47000000000000003, 0.0, 0.07]"
0.09340000000000001,0.09344448619367543,"[0.45, 0.49, 0.0, 0.06]"
0.09300000000000001,0.09331340739679374,"[0.45, 0.5, 0.0, 0.05]"
0.09260000000000002,0.09320686669983065,"[0.47000000000000003, 0.48, 0.0, 0.05]"
0.0922,0.09309539193751752,"[0.47000000000000003, 0.49, 0.0, 0.04]"
0.0914,0.09298602045468987,"[0.49, 0.48, 0.0, 0.03]"
